image,label
Apple/Apple (1051).jpeg,Apple
Apple/Apple (110).jpeg,Apple
Apple/Apple (1110).jpeg,Apple
Apple/Apple (1113).jpeg,Apple
Apple/Apple (1125).jpeg,Apple
Apple/Apple (1127).jpeg,Apple
Apple/Apple (1128).jpeg,Apple
Apple/Apple (1139).jpeg,Apple
Apple/Apple (1152).jpeg,Apple
Apple/Apple (1181).jpeg,Apple
Apple/Apple (1189).jpeg,Apple
Apple/Apple (1214).jpeg,Apple
Apple/Apple (1217).jpeg,Apple
Apple/Apple (1227).jpeg,Apple
Apple/Apple (1228).jpeg,Apple
Apple/Apple (1229).jpeg,Apple
Apple/Apple (1230).jpeg,Apple
Apple/Apple (1234).jpeg,Apple
Apple/Apple (1238).jpeg,Apple
Apple/Apple (1243).jpeg,Apple
Apple/Apple (1245).jpeg,Apple
Apple/Apple (1250).jpeg,Apple
Apple/Apple (1254).jpeg,Apple
Apple/Apple (1295).jpeg,Apple
Apple/Apple (1299).jpeg,Apple
Apple/Apple (1301).jpeg,Apple
Apple/Apple (1302).jpeg,Apple
Apple/Apple (1309).jpeg,Apple
Apple/Apple (1321).jpeg,Apple
Apple/Apple (1324).jpeg,Apple
Apple/Apple (1352).jpeg,Apple
Apple/Apple (1394).jpeg,Apple
Apple/Apple (1395).jpeg,Apple
Apple/Apple (1396).jpeg,Apple
Apple/Apple (1399).jpeg,Apple
Apple/Apple (1448).jpeg,Apple
Apple/Apple (1477).jpeg,Apple
Apple/Apple (1490).jpeg,Apple
Apple/Apple (15).png,Apple
Apple/Apple (1521).jpeg,Apple
Apple/Apple (1522).jpeg,Apple
Apple/Apple (1563).jpeg,Apple
Apple/Apple (1598).jpeg,Apple
Apple/Apple (1605).jpeg,Apple
Apple/Apple (1613).jpeg,Apple
Apple/Apple (1617).jpeg,Apple
Apple/Apple (1687).jpeg,Apple
Apple/Apple (1692).jpeg,Apple
Apple/Apple (1735).jpeg,Apple
Apple/Apple (1758).jpeg,Apple
Apple/Apple (1769).jpeg,Apple
Apple/Apple (3).png,Apple
Apple/Apple (325).jpeg,Apple
Apple/Apple (326).jpeg,Apple
Apple/Apple (329).jpeg,Apple
Apple/Apple (356).jpeg,Apple
Apple/Apple (373).jpeg,Apple
Apple/Apple (418).jpeg,Apple
Apple/Apple (427).jpeg,Apple
Apple/Apple (431).jpeg,Apple
Apple/Apple (471).jpeg,Apple
Apple/Apple (5).png,Apple
Apple/Apple (54).jpeg,Apple
Apple/Apple (546).jpeg,Apple
Apple/Apple (558).jpeg,Apple
Apple/Apple (571).jpeg,Apple
Apple/Apple (578).jpeg,Apple
Apple/Apple (606).jpeg,Apple
Apple/Apple (672).jpeg,Apple
Apple/Apple (689).jpeg,Apple
Apple/Apple (694).jpeg,Apple
Apple/Apple (697).jpeg,Apple
Apple/Apple (698).jpeg,Apple
Apple/Apple (72).jpeg,Apple
Apple/Apple (731).jpeg,Apple
Apple/Apple (734).jpeg,Apple
Apple/Apple (737).jpeg,Apple
Apple/Apple (77).jpeg,Apple
Apple/Apple (785).jpeg,Apple
Apple/Apple (787).jpeg,Apple
Apple/Apple (788).jpeg,Apple
Apple/Apple (82).jpeg,Apple
Apple/Apple (84).jpeg,Apple
Apple/Apple (845).jpeg,Apple
Apple/Apple (847).jpeg,Apple
Apple/Apple (851).jpeg,Apple
Apple/Apple (854).jpeg,Apple
Apple/Apple (87).jpeg,Apple
Apple/Apple (88).jpeg,Apple
Apple/Apple (89).jpeg,Apple
Apple/Apple (891).jpeg,Apple
Apple/Apple (892).jpeg,Apple
Apple/Apple (897).jpeg,Apple
Apple/Apple (90).jpeg,Apple
Apple/Apple (909).jpeg,Apple
Apple/Apple (92).jpeg,Apple
Apple/Apple (923).jpeg,Apple
Apple/Apple (924).jpeg,Apple
Apple/Apple (97).jpeg,Apple
Apple/Apple (98).jpeg,Apple
Banana/Banana (1).jpeg,Banana
Banana/Banana (1).png,Banana
Banana/Banana (2).jpeg,Banana
Banana/Banana (2).png,Banana
Banana/Banana (2004).jpeg,Banana
Banana/Banana (2005).jpeg,Banana
Banana/Banana (2011).jpeg,Banana
Banana/Banana (2012).jpeg,Banana
Banana/Banana (2013).jpeg,Banana
Banana/Banana (2030).jpeg,Banana
Banana/Banana (2036).jpeg,Banana
Banana/Banana (2037).jpeg,Banana
Banana/Banana (2038).jpeg,Banana
Banana/Banana (2039).jpeg,Banana
Banana/Banana (2040).jpeg,Banana
Banana/Banana (2084).jpeg,Banana
Banana/Banana (2085).jpeg,Banana
Banana/Banana (2086).jpeg,Banana
Banana/Banana (2093).jpeg,Banana
Banana/Banana (2094).jpeg,Banana
Banana/Banana (2116).jpeg,Banana
Banana/Banana (2122).jpeg,Banana
Banana/Banana (2181).jpeg,Banana
Banana/Banana (2182).jpeg,Banana
Banana/Banana (2186).jpeg,Banana
Banana/Banana (2187).jpeg,Banana
Banana/Banana (2193).jpeg,Banana
Banana/Banana (2295).jpeg,Banana
Banana/Banana (2299).jpeg,Banana
Banana/Banana (2304).jpeg,Banana
Banana/Banana (2311).jpeg,Banana
Banana/Banana (2312).jpeg,Banana
Banana/Banana (2313).jpeg,Banana
Banana/Banana (2314).jpeg,Banana
Banana/Banana (2315).jpeg,Banana
Banana/Banana (2316).jpeg,Banana
Banana/Banana (2319).jpeg,Banana
Banana/Banana (2386).jpeg,Banana
Banana/Banana (2387).jpeg,Banana
Banana/Banana (2522).jpeg,Banana
Banana/Banana (2523).jpeg,Banana
Banana/Banana (2525).jpeg,Banana
Banana/Banana (2527).jpeg,Banana
Banana/Banana (2528).jpeg,Banana
Banana/Banana (2529).jpeg,Banana
Banana/Banana (2530).jpeg,Banana
Banana/Banana (2531).jpeg,Banana
Banana/Banana (2538).jpeg,Banana
Banana/Banana (2539).jpeg,Banana
Banana/Banana (2540).jpeg,Banana
Banana/Banana (2541).jpeg,Banana
Banana/Banana (2542).jpeg,Banana
Banana/Banana (2543).jpeg,Banana
Banana/Banana (2544).jpeg,Banana
Banana/Banana (2546).jpeg,Banana
Banana/Banana (2594).jpeg,Banana
Banana/Banana (2595).jpeg,Banana
Banana/Banana (2596).jpeg,Banana
Banana/Banana (2597).jpeg,Banana
Banana/Banana (2598).jpeg,Banana
Banana/Banana (2599).jpeg,Banana
Banana/Banana (2600).jpeg,Banana
Banana/Banana (2601).jpeg,Banana
Banana/Banana (2602).jpeg,Banana
Banana/Banana (2603).jpeg,Banana
Banana/Banana (2623).jpeg,Banana
Banana/Banana (2632).jpeg,Banana
Banana/Banana (2694).jpeg,Banana
Banana/Banana (2750).jpeg,Banana
Banana/Banana (2751).jpeg,Banana
Banana/Banana (2752).jpeg,Banana
Banana/Banana (2753).jpeg,Banana
Banana/Banana (2754).jpeg,Banana
Banana/Banana (2759).jpeg,Banana
Banana/Banana (2799).jpeg,Banana
Banana/Banana (2878).jpeg,Banana
Banana/Banana (2910).jpeg,Banana
Banana/Banana (2914).jpeg,Banana
Banana/Banana (2917).jpeg,Banana
Banana/Banana (2919).jpeg,Banana
Banana/Banana (2926).jpeg,Banana
Banana/Banana (2927).jpeg,Banana
Banana/Banana (2929).jpeg,Banana
Banana/Banana (2930).jpeg,Banana
Banana/Banana (2932).jpeg,Banana
Banana/Banana (2933).jpeg,Banana
Banana/Banana (2934).jpeg,Banana
Banana/Banana (2935).jpeg,Banana
Banana/Banana (3).png,Banana
Banana/Banana (3020).jpeg,Banana
Banana/Banana (3025).jpeg,Banana
Banana/Banana (3059).jpeg,Banana
Banana/Banana (3060).jpeg,Banana
Banana/Banana (3064).jpeg,Banana
Banana/Banana (3065).jpeg,Banana
Banana/Banana (3069).jpeg,Banana
Banana/Banana (3070).jpeg,Banana
Banana/Banana (3465).jpeg,Banana
Banana/Banana (4).jpeg,Banana
Banana/Banana (4).png,Banana
Grape/Grape (1).jpeg,Grape
Grape/Grape (1003).jpeg,Grape
Grape/Grape (1024).jpeg,Grape
Grape/Grape (1032).jpeg,Grape
Grape/Grape (1036).jpeg,Grape
Grape/Grape (1037).jpeg,Grape
Grape/Grape (1042).jpeg,Grape
Grape/Grape (1073).jpeg,Grape
Grape/Grape (1082).jpeg,Grape
Grape/Grape (1099).jpeg,Grape
Grape/Grape (118).jpeg,Grape
Grape/Grape (124).jpeg,Grape
Grape/Grape (1241).jpeg,Grape
Grape/Grape (1276).jpeg,Grape
Grape/Grape (128).jpeg,Grape
Grape/Grape (134).jpeg,Grape
Grape/Grape (1470).jpeg,Grape
Grape/Grape (1521).jpeg,Grape
Grape/Grape (1751).jpeg,Grape
Grape/Grape (1757).jpeg,Grape
Grape/Grape (1763).jpeg,Grape
Grape/Grape (1764).jpeg,Grape
Grape/Grape (1765).jpeg,Grape
Grape/Grape (1770).jpeg,Grape
Grape/Grape (1847).jpeg,Grape
Grape/Grape (185).jpeg,Grape
Grape/Grape (186).jpeg,Grape
Grape/Grape (1869).jpeg,Grape
Grape/Grape (187).jpeg,Grape
Grape/Grape (1881).jpeg,Grape
Grape/Grape (1882).jpeg,Grape
Grape/Grape (1899).jpeg,Grape
Grape/Grape (19).jpeg,Grape
Grape/Grape (1900).jpeg,Grape
Grape/Grape (1901).jpeg,Grape
Grape/Grape (1903).jpeg,Grape
Grape/Grape (1910).jpeg,Grape
Grape/Grape (1917).jpeg,Grape
Grape/Grape (192).jpeg,Grape
Grape/Grape (193).jpeg,Grape
Grape/Grape (1932).jpeg,Grape
Grape/Grape (1944).jpeg,Grape
Grape/Grape (196).jpeg,Grape
Grape/Grape (1983).jpeg,Grape
Grape/Grape (1997).jpeg,Grape
Grape/Grape (20).jpeg,Grape
Grape/Grape (2000).jpeg,Grape
Grape/Grape (210).jpeg,Grape
Grape/Grape (214).jpeg,Grape
Grape/Grape (224).jpeg,Grape
Grape/Grape (225).jpeg,Grape
Grape/Grape (23).jpeg,Grape
Grape/Grape (242).jpeg,Grape
Grape/Grape (25).jpeg,Grape
Grape/Grape (254).jpeg,Grape
Grape/Grape (271).jpeg,Grape
Grape/Grape (286).jpeg,Grape
Grape/Grape (304).jpeg,Grape
Grape/Grape (337).jpeg,Grape
Grape/Grape (34).jpeg,Grape
Grape/Grape (36).jpeg,Grape
Grape/Grape (371).jpeg,Grape
Grape/Grape (387).jpeg,Grape
Grape/Grape (39).jpeg,Grape
Grape/Grape (419).jpeg,Grape
Grape/Grape (461).jpeg,Grape
Grape/Grape (48).jpeg,Grape
Grape/Grape (493).jpeg,Grape
Grape/Grape (496).jpeg,Grape
Grape/Grape (498).jpeg,Grape
Grape/Grape (54).jpeg,Grape
Grape/Grape (552).jpeg,Grape
Grape/Grape (594).jpeg,Grape
Grape/Grape (632).jpeg,Grape
Grape/Grape (635).jpeg,Grape
Grape/Grape (655).jpeg,Grape
Grape/Grape (658).jpeg,Grape
Grape/Grape (678).jpeg,Grape
Grape/Grape (680).jpeg,Grape
Grape/Grape (683).jpeg,Grape
Grape/Grape (695).jpeg,Grape
Grape/Grape (710).jpeg,Grape
Grape/Grape (725).jpeg,Grape
Grape/Grape (727).jpeg,Grape
Grape/Grape (746).jpeg,Grape
Grape/Grape (770).jpeg,Grape
Grape/Grape (786).jpeg,Grape
Grape/Grape (808).jpeg,Grape
Grape/Grape (830).jpeg,Grape
Grape/Grape (850).jpeg,Grape
Grape/Grape (854).jpeg,Grape
Grape/Grape (870).jpeg,Grape
Grape/Grape (873).jpeg,Grape
Grape/Grape (892).jpeg,Grape
Grape/Grape (903).jpeg,Grape
Grape/Grape (958).jpeg,Grape
Grape/Grape (962).jpeg,Grape
Grape/Grape (984).jpeg,Grape
Grape/Grape (99).jpeg,Grape
Grape/Grape (998).jpeg,Grape
Mango/Mango (1).jpeg,Mango
Mango/Mango (11).jpeg,Mango
Mango/Mango (13).jpeg,Mango
Mango/Mango (1455).jpeg,Mango
Mango/Mango (1459).jpeg,Mango
Mango/Mango (1492).jpeg,Mango
Mango/Mango (1493).jpeg,Mango
Mango/Mango (1494).jpeg,Mango
Mango/Mango (1495).jpeg,Mango
Mango/Mango (1496).jpeg,Mango
Mango/Mango (1548).jpeg,Mango
Mango/Mango (1549).jpeg,Mango
Mango/Mango (1550).jpeg,Mango
Mango/Mango (1551).jpeg,Mango
Mango/Mango (1556).jpeg,Mango
Mango/Mango (1557).jpeg,Mango
Mango/Mango (1558).jpeg,Mango
Mango/Mango (1559).jpeg,Mango
Mango/Mango (156).jpeg,Mango
Mango/Mango (1560).jpeg,Mango
Mango/Mango (1561).jpeg,Mango
Mango/Mango (1562).jpeg,Mango
Mango/Mango (18).jpeg,Mango
Mango/Mango (1972).jpeg,Mango
Mango/Mango (1991).jpeg,Mango
Mango/Mango (1992).jpeg,Mango
Mango/Mango (1993).jpeg,Mango
Mango/Mango (2).jpeg,Mango
Mango/Mango (24).jpeg,Mango
Mango/Mango (25).jpeg,Mango
Mango/Mango (26).jpeg,Mango
Mango/Mango (3).jpeg,Mango
Mango/Mango (31).jpeg,Mango
Mango/Mango (319).jpeg,Mango
Mango/Mango (369).jpeg,Mango
Mango/Mango (383).jpeg,Mango
Mango/Mango (385).jpeg,Mango
Mango/Mango (4).jpeg,Mango
Mango/Mango (5).jpeg,Mango
Mango/Mango (522).jpeg,Mango
Mango/Mango (524).jpeg,Mango
Mango/Mango (526).jpeg,Mango
Mango/Mango (57).jpeg,Mango
Mango/Mango (578).jpeg,Mango
Mango/Mango (580).jpeg,Mango
Mango/Mango (597).jpeg,Mango
Mango/Mango (598).jpeg,Mango
Mango/Mango (609).jpeg,Mango
Mango/Mango (62).jpeg,Mango
Mango/Mango (674).jpeg,Mango
Mango/Mango (676).jpeg,Mango
Mango/Mango (677).jpeg,Mango
Mango/Mango (678).jpeg,Mango
Mango/Mango (679).jpeg,Mango
Mango/Mango (680).jpeg,Mango
Mango/Mango (681).jpeg,Mango
Mango/Mango (683).jpeg,Mango
Mango/Mango (685).jpeg,Mango
Mango/Mango (693).jpeg,Mango
Mango/Mango (696).jpeg,Mango
Mango/Mango (697).jpeg,Mango
Mango/Mango (722).jpeg,Mango
Mango/Mango (732).jpeg,Mango
Mango/Mango (734).jpeg,Mango
Mango/Mango (749).jpeg,Mango
Mango/Mango (756).jpeg,Mango
Mango/Mango (782).jpeg,Mango
Mango/Mango (783).jpeg,Mango
Mango/Mango (814).jpeg,Mango
Mango/Mango (815).jpeg,Mango
Mango/Mango (816).jpeg,Mango
Mango/Mango (817).jpeg,Mango
Mango/Mango (818).jpeg,Mango
Mango/Mango (819).jpeg,Mango
Mango/Mango (820).jpeg,Mango
Mango/Mango (821).jpeg,Mango
Mango/Mango (822).jpeg,Mango
Mango/Mango (823).jpeg,Mango
Mango/Mango (824).jpeg,Mango
Mango/Mango (825).jpeg,Mango
Mango/Mango (826).jpeg,Mango
Mango/Mango (827).jpeg,Mango
Mango/Mango (828).jpeg,Mango
Mango/Mango (899).jpeg,Mango
Mango/Mango (902).jpeg,Mango
Mango/Mango (903).jpeg,Mango
Mango/Mango (904).jpeg,Mango
Mango/Mango (907).jpeg,Mango
Mango/Mango (908).jpeg,Mango
Mango/Mango (909).jpeg,Mango
Mango/Mango (910).jpeg,Mango
Mango/Mango (911).jpeg,Mango
Mango/Mango (913).jpeg,Mango
Mango/Mango (914).jpeg,Mango
Mango/Mango (915).jpeg,Mango
Mango/Mango (916).jpeg,Mango
Mango/Mango (917).jpeg,Mango
Mango/Mango (918).jpeg,Mango
Mango/Mango (919).jpeg,Mango
Mango/Mango (920).jpeg,Mango
Strawberry/Strawberry (10).jpeg,Strawberry
Strawberry/Strawberry (1072).jpeg,Strawberry
Strawberry/Strawberry (11).jpeg,Strawberry
Strawberry/Strawberry (1134).jpeg,Strawberry
Strawberry/Strawberry (1139).jpeg,Strawberry
Strawberry/Strawberry (1145).jpeg,Strawberry
Strawberry/Strawberry (1174).jpeg,Strawberry
Strawberry/Strawberry (1175).jpeg,Strawberry
Strawberry/Strawberry (1176).jpeg,Strawberry
Strawberry/Strawberry (1179).jpeg,Strawberry
Strawberry/Strawberry (1180).jpeg,Strawberry
Strawberry/Strawberry (1181).jpeg,Strawberry
Strawberry/Strawberry (12).jpeg,Strawberry
Strawberry/Strawberry (1295).jpeg,Strawberry
Strawberry/Strawberry (1305).jpeg,Strawberry
Strawberry/Strawberry (1399).jpeg,Strawberry
Strawberry/Strawberry (14).jpeg,Strawberry
Strawberry/Strawberry (1400).jpeg,Strawberry
Strawberry/Strawberry (1404).jpeg,Strawberry
Strawberry/Strawberry (1405).jpeg,Strawberry
Strawberry/Strawberry (1484).jpeg,Strawberry
Strawberry/Strawberry (1486).jpeg,Strawberry
Strawberry/Strawberry (1487).jpeg,Strawberry
Strawberry/Strawberry (1488).jpeg,Strawberry
Strawberry/Strawberry (1489).jpeg,Strawberry
Strawberry/Strawberry (1490).jpeg,Strawberry
Strawberry/Strawberry (1563).jpeg,Strawberry
Strawberry/Strawberry (16).jpeg,Strawberry
Strawberry/Strawberry (1659).jpeg,Strawberry
Strawberry/Strawberry (17).jpeg,Strawberry
Strawberry/Strawberry (1791).jpeg,Strawberry
Strawberry/Strawberry (1865).jpeg,Strawberry
Strawberry/Strawberry (1866).jpeg,Strawberry
Strawberry/Strawberry (1875).jpeg,Strawberry
Strawberry/Strawberry (188).jpeg,Strawberry
Strawberry/Strawberry (1883).jpeg,Strawberry
Strawberry/Strawberry (189).jpeg,Strawberry
Strawberry/Strawberry (1900).jpeg,Strawberry
Strawberry/Strawberry (191).jpeg,Strawberry
Strawberry/Strawberry (192).jpeg,Strawberry
Strawberry/Strawberry (193).jpeg,Strawberry
Strawberry/Strawberry (194).jpeg,Strawberry
Strawberry/Strawberry (195).jpeg,Strawberry
Strawberry/Strawberry (196).jpeg,Strawberry
Strawberry/Strawberry (1960).jpeg,Strawberry
Strawberry/Strawberry (1961).jpeg,Strawberry
Strawberry/Strawberry (1965).jpeg,Strawberry
Strawberry/Strawberry (1966).jpeg,Strawberry
Strawberry/Strawberry (197).jpeg,Strawberry
Strawberry/Strawberry (1974).jpeg,Strawberry
Strawberry/Strawberry (1983).jpeg,Strawberry
Strawberry/Strawberry (21).jpeg,Strawberry
Strawberry/Strawberry (22).jpeg,Strawberry
Strawberry/Strawberry (23).jpeg,Strawberry
Strawberry/Strawberry (240).jpeg,Strawberry
Strawberry/Strawberry (241).jpeg,Strawberry
Strawberry/Strawberry (242).jpeg,Strawberry
Strawberry/Strawberry (243).jpeg,Strawberry
Strawberry/Strawberry (244).jpeg,Strawberry
Strawberry/Strawberry (25).jpeg,Strawberry
Strawberry/Strawberry (27).jpeg,Strawberry
Strawberry/Strawberry (28).jpeg,Strawberry
Strawberry/Strawberry (29).jpeg,Strawberry
Strawberry/Strawberry (30).jpeg,Strawberry
Strawberry/Strawberry (31).jpeg,Strawberry
Strawberry/Strawberry (32).jpeg,Strawberry
Strawberry/Strawberry (36).jpeg,Strawberry
Strawberry/Strawberry (37).jpeg,Strawberry
Strawberry/Strawberry (430).jpeg,Strawberry
Strawberry/Strawberry (431).jpeg,Strawberry
Strawberry/Strawberry (435).jpeg,Strawberry
Strawberry/Strawberry (436).jpeg,Strawberry
Strawberry/Strawberry (47).jpeg,Strawberry
Strawberry/Strawberry (491).jpeg,Strawberry
Strawberry/Strawberry (492).jpeg,Strawberry
Strawberry/Strawberry (493).jpeg,Strawberry
Strawberry/Strawberry (496).jpeg,Strawberry
Strawberry/Strawberry (497).jpeg,Strawberry
Strawberry/Strawberry (501).jpeg,Strawberry
Strawberry/Strawberry (502).jpeg,Strawberry
Strawberry/Strawberry (503).jpeg,Strawberry
Strawberry/Strawberry (504).jpeg,Strawberry
Strawberry/Strawberry (516).jpeg,Strawberry
Strawberry/Strawberry (518).jpeg,Strawberry
Strawberry/Strawberry (52).jpeg,Strawberry
Strawberry/Strawberry (521).jpeg,Strawberry
Strawberry/Strawberry (586).jpeg,Strawberry
Strawberry/Strawberry (592).jpeg,Strawberry
Strawberry/Strawberry (661).jpeg,Strawberry
Strawberry/Strawberry (673).jpeg,Strawberry
Strawberry/Strawberry (733).jpeg,Strawberry
Strawberry/Strawberry (734).jpeg,Strawberry
Strawberry/Strawberry (735).jpeg,Strawberry
Strawberry/Strawberry (736).jpeg,Strawberry
Strawberry/Strawberry (737).jpeg,Strawberry
Strawberry/Strawberry (738).jpeg,Strawberry
Strawberry/Strawberry (739).jpeg,Strawberry
Strawberry/Strawberry (741).jpeg,Strawberry
Strawberry/Strawberry (742).jpeg,Strawberry
Strawberry/Strawberry (9).jpeg,Strawberry
